1001,1,0,0,0,0,0,0,0,0,1,0,0,0
1001,2,0,0,0,0,0,0,1,0,0,0,0,0
1001,3,0,0,0,0,1,1,0,0,0,0,0,0
1001,4,0,0,0,0,1,1,0,0,0,0,0,0
1001,5,0,0,0,0,0,0,0,0,1,0,0,0
1001,6,0,0,0,0,0,0,0,0,0,0,0,0
1001,7,0,0,0,0,0,0,0,0,0,0,0,0
1001,8,0,0,0,0,0,0,0,0,0,0,0,0
1001,9,0,0,0,0,0,0,0,0,1,0,0,0
1006,1,0,0,0,0,0,0,0,1,0,0,0,0
1006,2,0,0,0,0,0,0,1,0,1,0,1,1
1006,3,0,0,0,0,0,0,0,0,0,0,0,0
1006,4,0,1,0,0,0,0,0,0,0,0,0,0
1006,5,0,0,0,0,0,0,0,0,0,0,0,0
1006,6,0,0,0,0,0,0,0,0,0,1,1,1
1006,7,0,0,0,0,0,0,0,0,0,0,0,0
1094,1,0,0,0,0,0,0,0,1,0,0,0,0
1094,2,0,1,0,0,0,0,0,0,0,0,0,0
1094,3,0,0,0,0,0,0,0,0,0,0,1,0
1094,4,0,0,0,0,0,0,0,0,0,0,1,0
1094,5,0,0,0,0,0,0,0,0,0,0,1,1
1101,1,0,0,0,0,0,0,0,0,0,0,1,0
1101,2,0,0,0,0,0,0,0,1,0,0,0,1
1101,3,0,0,0,0,0,0,0,1,0,0,0,0
1101,4,0,1,0,0,0,0,0,0,0,0,0,0
1101,5,0,1,0,0,0,0,0,0,0,0,0,0
1112,1,0,0,0,0,0,0,0,1,0,0,0,0
1112,2,0,1,0,0,0,0,0,0,0,0,0,0
1112,3,0,0,0,0,0,1,0,0,0,0,1,0
1112,4,0,1,0,0,0,0,0,0,0,0,0,0
1112,5,0,0,0,0,0,0,0,0,0,0,0,0
1112,6,0,1,0,0,0,0,0,0,0,0,0,0
1112,7,0,0,0,0,0,0,0,1,0,0,0,0
1118,1,0,0,0,0,0,0,0,0,0,0,0,0
1118,2,0,0,0,0,0,0,0,0,1,0,0,0
1118,3,0,0,0,0,0,0,1,0,1,0,0,0
1118,4,0,0,0,0,0,0,0,0,0,0,0,0
1118,5,0,0,0,0,0,1,0,0,0,0,0,0
1118,6,0,0,0,0,0,0,0,0,0,1,0,0
1118,7,0,0,0,0,0,0,0,0,1,1,0,0
1118,8,0,0,0,0,0,0,0,0,1,1,0,0
1118,9,0,0,0,0,0,0,0,0,0,0,0,0
1118,10,0,0,0,0,0,0,0,0,0,0,0,0
1118,11,0,0,0,0,0,0,0,0,0,0,0,0
1118,12,0,0,0,0,0,0,0,0,1,0,0,0
1118,13,0,0,0,0,0,0,0,0,0,0,0,0
1118,14,0,0,0,0,0,0,0,0,0,0,0,0
1118,15,0,0,0,0,0,0,0,0,0,0,0,0
1118,16,0,0,0,0,0,0,0,0,0,0,0,0
1118,17,0,0,0,0,0,0,0,0,0,0,0,0
1118,18,0,0,0,0,0,0,0,0,1,0,0,0
1118,19,0,0,0,0,0,0,0,0,1,0,0,0
1118,20,0,0,0,0,0,0,0,0,0,0,0,0
1118,21,0,0,0,0,0,1,0,0,0,1,0,0
1118,22,0,0,0,0,1,1,0,0,0,0,0,0
1118,23,0,0,0,0,1,1,0,0,0,0,0,0
1132,1,0,0,0,0,0,0,0,0,0,0,0,0
1132,2,0,0,0,0,0,0,0,1,0,0,0,0
1132,3,0,1,1,1,0,0,0,0,0,0,0,0
1132,4,0,0,0,1,0,0,0,0,1,0,1,0
1132,5,0,0,0,0,0,0,0,0,0,0,1,0
1132,6,0,0,0,1,0,0,0,0,1,0,1,0
1132,7,0,0,0,0,0,0,0,1,0,0,0,0
1132,8,0,1,0,1,0,0,0,0,0,0,0,0
1132,9,1,0,0,0,0,0,0,0,0,1,0,0
1178,1,0,0,0,0,0,0,0,0,0,0,0,0
1178,2,0,0,0,0,0,0,0,0,0,0,0,0
1178,3,0,0,0,0,0,1,0,0,0,0,0,0
1178,4,0,0,0,0,0,0,0,0,1,0,1,1
1178,5,0,0,0,0,0,0,0,0,0,0,1,0
1178,6,0,0,0,0,0,0,0,1,0,0,0,0
1178,7,0,3,0,0,0,0,0,0,0,0,0,0
1188,1,0,0,0,0,0,0,0,0,0,0,0,0
1188,2,0,1,0,0,0,0,0,0,0,0,0,0
1188,3,0,1,0,0,0,0,0,0,0,0,0,0
1188,4,0,0,0,0,0,0,0,0,0,0,0,0
1188,5,0,0,0,0,0,0,1,0,0,0,1,1
1188,6,0,0,0,0,0,0,1,0,0,0,1,1
1188,7,0,0,0,0,0,0,0,1,0,0,0,0
1188,8,0,1,1,0,0,0,0,0,0,0,0,0
1188,9,0,0,0,0,0,0,0,1,0,0,0,0
1188,10,0,1,1,0,0,0,0,0,0,0,0,0
1226,1,0,0,0,0,0,0,0,1,0,0,0,0
1226,2,1,0,0,0,0,0,0,0,0,1,0,0
1226,3,0,0,0,0,0,0,0,0,0,0,0,0
1226,4,0,0,0,0,0,0,0,1,0,0,0,0
1226,5,0,0,0,0,0,0,0,0,0,0,0,0
1226,6,0,0,0,0,0,0,0,0,0,0,0,0
1226,7,0,0,0,0,0,0,0,0,0,0,0,0
1226,8,0,0,0,0,0,0,0,0,0,0,0,0
1226,9,0,0,0,0,0,0,0,0,0,0,1,0
1226,10,0,1,0,0,0,0,0,0,0,0,0,0
1226,11,0,1,0,0,0,0,0,0,0,0,0,0
1226,12,0,1,0,0,0,0,0,0,0,0,0,0
1226,13,0,0,0,0,0,0,0,0,0,0,1,0
1226,14,0,1,0,0,0,0,0,0,0,0,0,0
1227,1,0,1,0,0,0,0,0,0,0,0,0,0
1227,2,0,0,0,0,0,0,0,1,0,0,0,0
1227,3,0,0,0,0,0,0,0,0,0,0,0,0
1227,4,0,0,0,0,0,0,0,0,0,0,1,1
1227,5,0,0,0,0,0,0,0,0,1,0,0,0
1227,6,0,0,0,0,0,0,0,0,0,0,0,0
1227,7,0,0,0,0,0,1,0,0,0,0,0,0
1233,1,1,0,0,0,0,0,0,0,0,1,0,0
1233,2,1,0,0,0,0,0,0,0,0,1,0,0
1233,3,1,0,0,0,0,0,0,0,0,1,0,0
1233,4,0,0,0,0,0,0,0,0,0,0,1,0
1233,5,0,0,0,0,0,0,0,1,0,0,0,0
1233,6,0,0,0,0,0,0,0,1,0,0,0,0
1233,7,0,3,1,0,0,0,0,0,0,0,0,0
1233,8,1,0,0,0,0,0,0,0,0,1,0,0
1265,1,1,0,0,0,0,0,0,0,0,1,0,0
1265,2,0,0,0,0,0,0,0,1,0,0,0,0
1265,3,0,0,0,0,0,0,0,1,0,0,0,0
1265,4,0,1,0,1,0,0,0,0,0,0,0,0
1265,5,0,1,0,0,0,0,0,0,0,0,0,0
1277,1,0,0,0,0,0,0,0,0,0,0,0,0
1277,2,0,0,0,0,0,0,0,0,1,0,1,1
1277,3,0,0,0,0,0,0,0,0,0,0,0,0
1277,4,0,0,0,0,0,0,0,1,0,0,0,0
1277,5,0,1,0,0,0,0,0,0,0,0,0,0
1277,6,0,1,0,0,0,0,0,0,0,0,0,0
1287,1,0,0,0,0,0,0,0,0,0,0,0,0
1287,2,0,0,0,0,0,1,0,0,0,0,0,0
1287,3,0,0,0,0,0,0,0,1,0,0,0,0
1287,4,0,1,0,0,0,0,0,0,0,0,0,0
1287,5,0,0,0,0,0,0,0,0,0,1,1,1
1287,6,1,0,0,0,0,0,0,0,0,1,0,0
1287,7,1,0,0,0,0,0,0,0,0,1,0,0
1287,8,0,1,0,0,0,0,0,0,0,1,0,0
1287,9,0,1,0,0,0,0,0,0,0,1,0,0
1296,1,0,0,0,0,0,1,0,0,0,0,0,0
1296,2,0,0,0,0,0,0,0,0,0,1,0,0
1296,3,0,0,0,0,0,0,0,0,1,0,0,0
1296,4,1,0,0,0,0,0,0,0,0,1,0,0
1296,5,0,1,0,0,0,0,0,0,0,1,0,0
1296,6,0,0,0,0,0,1,0,0,0,0,0,0
1296,7,0,0,0,0,0,0,0,0,0,0,0,0
1296,8,0,0,0,0,0,0,0,0,0,0,0,0
1296,9,1,0,0,0,0,0,0,0,0,1,0,0
1296,10,0,0,0,0,0,0,0,0,0,0,0,0
1296,11,0,0,0,0,0,1,0,0,0,0,0,0
1335,1,0,1,0,0,0,0,0,0,0,0,0,1
1335,2,0,1,0,1,0,0,0,0,0,0,0,0
1335,3,0,0,0,0,0,1,0,0,0,0,0,0
1335,4,0,0,0,0,0,1,0,0,0,0,0,0
1335,5,0,0,0,0,0,0,0,0,0,0,0,0
1335,6,0,0,0,0,0,0,0,0,0,0,0,0
1391,1,1,0,0,0,0,0,0,0,0,1,0,0
1391,2,0,0,0,0,1,1,0,0,0,0,0,0
1391,3,0,0,0,0,0,1,0,0,0,0,0,0
1391,4,0,0,0,0,0,1,0,0,0,0,0,0
1391,5,0,0,0,0,0,0,0,0,0,0,0,0
1391,6,1,0,0,0,0,0,0,0,0,1,0,0
1391,7,1,0,0,0,0,0,0,0,0,1,0,0
1420,1,0,0,0,0,0,0,0,1,0,0,0,1
1420,2,1,0,0,0,0,0,0,0,0,1,0,0
1420,3,0,0,0,0,0,0,0,1,0,0,0,0
1420,4,1,0,0,0,0,0,0,0,0,1,0,0
1420,5,0,0,0,0,0,0,0,1,0,0,0,0
1420,6,0,3,0,0,0,0,0,0,0,0,0,0
1420,7,0,1,0,0,0,0,0,0,0,0,0,0
1433,1,0,3,1,0,0,0,0,0,0,0,0,0
1433,2,0,0,0,0,0,0,0,0,0,0,0,0
1433,3,0,0,0,1,0,0,0,0,1,0,1,0
1433,4,0,0,0,0,0,0,0,0,0,0,0,0
1460,1,0,0,0,0,0,0,0,1,0,0,1,1
1460,2,0,0,0,0,0,0,0,1,0,0,0,0
1460,3,0,1,0,0,0,0,0,0,0,0,0,0
1460,4,0,0,0,0,0,0,0,1,0,0,0,0
1460,5,0,1,0,0,0,0,0,0,0,0,0,0
1472,1,0,0,0,0,0,0,0,0,0,1,0,0
1472,2,0,0,0,0,0,0,0,0,0,0,0,0
1472,3,1,0,0,0,0,0,0,0,0,1,0,0
1472,4,0,3,0,0,0,0,0,0,0,0,0,0
1479,1,0,0,0,0,0,0,0,1,0,0,1,0
1479,2,0,1,1,0,0,0,0,0,0,0,0,1
1479,3,0,0,0,0,0,0,0,1,0,0,0,0
1479,4,1,0,0,0,0,0,0,0,0,1,0,0
1479,5,1,0,0,0,0,0,0,0,0,1,0,0
1479,6,1,0,0,0,0,0,0,0,0,1,0,0
1479,7,0,1,0,0,0,0,0,0,0,0,0,1
1480,1,0,0,0,0,0,0,0,0,0,0,0,0
1480,2,0,0,0,0,0,0,0,0,0,0,0,0
1480,3,0,0,0,0,0,0,0,0,0,0,0,0
1480,4,0,0,0,0,0,1,0,0,0,0,0,0
1480,5,1,0,0,0,0,0,0,0,0,1,0,0
1480,6,0,3,0,0,0,0,0,0,0,0,0,0
1480,7,0,0,0,0,0,0,0,0,0,0,0,0
1481,1,0,1,0,0,0,0,0,0,0,0,0,0
1481,2,0,0,0,0,0,0,0,0,0,0,1,1
1481,3,0,1,0,0,0,0,0,0,0,0,0,0
1481,4,0,0,0,0,0,0,0,1,0,0,0,0
1481,5,0,0,0,0,0,1,0,0,0,0,1,1
1481,6,0,0,0,0,0,0,0,0,0,0,0,0
1481,7,0,0,0,0,0,0,0,0,0,0,0,0
1481,8,0,0,0,0,0,0,0,0,0,0,0,0
1481,9,0,0,0,0,0,0,0,0,0,0,0,0
1481,10,0,0,0,0,0,1,0,0,0,0,1,0
1491,1,0,3,0,0,0,0,0,0,0,0,0,0
1491,2,0,0,0,0,0,0,0,0,0,0,1,0
1491,3,0,0,0,0,0,0,0,0,0,0,0,0
1491,4,0,0,0,0,0,0,0,0,0,0,0,0
1491,5,0,1,0,0,0,0,0,0,0,0,0,0
1491,6,1,0,0,0,0,0,0,0,0,1,0,0
1491,7,0,0,0,0,0,0,0,0,0,1,0,0
1491,8,0,0,0,0,0,0,0,0,0,0,0,0
1491,9,0,1,0,0,0,0,0,0,0,0,0,0
1491,10,0,0,0,0,0,0,0,0,0,1,0,0
1491,11,0,3,0,0,0,0,0,0,0,1,0,0
1491,12,1,0,0,0,0,0,0,0,0,1,0,0
1491,13,1,0,0,0,0,0,0,0,0,1,0,0
1491,14,0,0,0,0,0,0,0,0,0,0,0,0
1491,15,0,0,0,0,0,0,0,0,0,0,0,0
1491,16,0,0,0,0,0,0,0,0,0,0,0,0
1522,1,0,0,0,0,0,0,0,0,0,0,0,0
1522,2,0,1,0,0,0,0,0,0,0,1,0,0
1522,3,1,0,0,0,0,0,0,0,0,1,0,0
1522,4,0,0,0,0,0,0,0,0,0,0,0,0
1522,5,0,0,0,0,0,0,0,0,0,0,0,0
1522,6,0,0,0,0,0,0,0,0,0,0,1,0
1522,7,0,1,0,0,0,0,0,0,0,0,0,0
1522,8,0,0,0,0,0,1,0,0,0,0,1,0
1522,9,0,0,0,0,0,0,0,0,0,0,0,0
1522,10,0,0,0,0,0,0,0,0,0,0,0,0
1522,11,0,1,0,0,0,0,0,0,0,1,0,0
1526,1,0,0,0,0,0,0,0,0,0,1,0,0
1526,2,0,3,0,0,0,0,0,0,0,0,0,0
1526,3,0,3,0,0,0,0,0,0,0,0,0,0
1526,4,1,0,0,0,0,0,0,0,0,1,0,0
1526,5,1,0,0,0,0,0,0,0,0,1,0,0
1526,6,1,0,0,0,0,0,0,0,0,1,0,0
1526,7,0,1,0,0,0,0,0,0,0,1,0,0
1526,8,0,0,0,0,0,0,0,0,0,0,0,0
1526,9,0,0,0,0,0,0,0,0,0,0,0,0
1526,10,0,0,0,0,0,0,0,0,0,0,0,0
1526,11,0,0,0,0,0,0,0,0,0,0,0,0
1526,12,0,0,0,0,0,0,0,0,0,0,0,0
1526,13,0,0,0,0,0,0,0,0,0,0,0,0
1543,1,0,0,0,0,0,0,0,0,0,0,0,0
1543,2,0,3,0,0,0,0,0,0,0,0,0,0
1543,3,0,0,0,0,0,0,0,0,0,0,1,0
1543,4,0,0,0,0,0,0,0,0,0,0,0,0
1543,5,0,0,0,0,0,0,0,0,0,0,0,0
1543,6,0,0,0,0,0,0,0,0,0,0,0,0
1543,7,0,1,0,0,0,0,0,0,0,0,0,0
1543,8,0,1,0,0,0,0,0,0,0,0,0,0
1543,9,0,0,0,0,0,0,0,0,0,0,1,0
1544,1,0,0,0,0,0,0,0,0,0,0,1,0
1544,2,0,0,0,0,0,0,0,1,0,0,0,1
1544,3,0,0,0,0,0,0,0,0,0,0,1,0
1544,4,0,0,0,0,0,0,0,0,0,0,1,0
1544,5,1,0,0,0,0,0,0,0,0,1,0,0
1544,6,0,0,0,0,0,0,0,1,0,0,0,0
1544,7,0,1,0,0,0,0,0,0,0,0,0,0
1544,8,0,0,0,0,0,0,0,1,0,0,0,0
1544,9,0,1,0,0,0,0,0,0,0,0,0,0
1544,10,0,0,0,0,0,0,0,0,0,0,0,0
1544,11,0,0,0,0,0,0,0,0,0,0,0,0
1544,12,0,0,0,0,0,0,0,0,0,0,0,0
1544,13,0,0,0,0,0,0,0,0,0,0,0,0
1544,14,0,0,0,0,0,0,0,0,0,0,1,0
1544,15,0,0,0,0,0,0,0,1,0,0,0,1
1566,1,0,0,0,0,0,0,0,1,0,0,0,0
1566,2,0,0,0,0,0,0,0,0,0,1,0,0
1566,3,0,0,0,0,0,0,0,0,0,1,0,0
1566,4,0,0,0,0,0,0,0,0,0,0,0,0
1566,5,0,1,0,0,0,0,0,0,0,0,0,0
1566,6,0,1,0,0,0,0,0,0,0,0,0,0
1566,7,0,1,0,0,0,0,0,0,0,0,0,0
1566,8,0,0,0,0,0,0,0,0,0,1,0,0
1566,9,1,0,0,0,0,0,0,0,0,1,0,0
1566,10,0,0,0,0,0,0,0,0,0,1,0,0
1566,11,0,0,0,0,0,0,0,0,0,1,0,0
1566,12,0,0,0,0,0,0,0,0,0,0,0,0
1566,13,1,0,0,0,0,0,0,0,0,1,0,0
1566,14,0,0,0,0,0,0,0,0,0,1,0,0
1567,1,0,0,0,0,0,1,0,0,0,0,1,0
1567,2,0,0,0,0,0,0,0,0,0,0,0,0
1567,3,0,1,0,0,0,0,0,0,0,0,0,0
1567,4,0,0,0,0,0,0,0,0,0,0,0,0
1567,5,0,1,0,0,0,0,0,0,0,0,0,0
1567,6,0,3,0,0,0,0,0,0,0,0,0,0
1567,7,0,0,0,0,0,1,0,0,0,0,0,0
1567,8,0,0,0,0,0,0,0,0,0,0,1,0
1567,9,0,0,0,0,0,0,0,0,0,0,0,0
1567,10,1,0,0,0,0,0,0,0,0,1,0,0
1573,1,0,0,0,0,0,0,0,0,0,0,0,0
1573,2,0,3,0,0,0,0,0,0,0,0,0,0
1573,3,0,0,0,0,0,0,0,0,0,0,0,0
1573,4,0,0,0,0,0,0,0,1,0,0,0,0
1573,5,0,1,1,0,0,0,0,0,0,0,0,0
1573,6,1,0,0,0,0,0,0,0,0,1,0,0
1573,7,1,0,0,0,0,0,0,0,0,1,0,0
1576,1,0,3,0,0,0,0,0,0,0,0,0,0
1576,2,0,1,0,0,0,0,0,0,0,0,0,0
1576,3,0,1,0,0,0,0,0,0,0,0,0,0
1576,4,0,0,0,0,0,0,0,0,0,0,0,0
1576,5,0,0,0,0,0,0,0,0,0,0,0,0
1576,6,0,0,0,0,0,0,0,0,0,0,1,0
1576,7,0,0,0,0,0,0,0,0,0,0,0,0
1576,8,0,0,0,0,0,0,0,0,0,0,1,0
1590,1,0,0,0,0,0,0,0,0,0,1,0,0
1590,2,0,0,0,0,0,0,0,0,0,1,0,0
1590,3,0,0,0,0,0,0,0,1,0,0,0,0
1590,4,0,1,0,0,0,0,0,0,0,0,0,0
1590,5,0,0,0,0,0,0,0,0,0,0,0,0
1590,6,0,0,0,0,0,0,0,0,0,0,1,1
1590,7,1,0,0,0,0,0,0,0,0,1,0,0
1590,8,1,0,0,0,0,0,0,0,0,1,0,0
1590,9,1,0,0,0,0,0,0,0,0,1,0,0
1590,10,1,0,0,0,0,0,0,0,0,1,0,0
1590,11,1,0,0,0,0,0,0,0,0,1,0,0
1590,12,1,0,0,0,0,0,0,0,0,1,0,0
1590,13,0,0,0,0,0,0,0,0,0,1,0,0
1590,14,0,0,0,0,0,1,0,0,0,0,0,0
1590,15,0,0,0,0,0,0,0,0,0,0,0,0
1590,16,0,1,0,0,0,0,0,0,0,0,0,0
1606,1,0,0,0,0,0,0,0,1,0,0,0,0
1606,2,1,0,0,0,0,0,0,0,0,1,0,0
1606,3,0,0,0,0,0,0,0,0,0,0,0,0
1606,4,0,0,0,0,0,0,0,0,0,0,0,0
1606,5,0,0,0,0,0,0,0,0,0,0,0,0
1606,6,0,0,0,0,0,0,0,0,0,0,0,0
1606,7,1,0,0,0,0,0,0,0,0,1,0,0
1606,8,0,1,0,0,0,0,0,0,0,0,0,0
1606,9,0,1,0,0,0,0,0,0,0,0,0,0
1608,1,0,1,1,0,0,0,0,0,0,0,0,0
1608,2,0,0,0,0,0,0,0,0,0,0,1,0
1608,3,0,0,0,0,1,0,0,0,0,0,0,0
1608,4,0,0,0,0,0,0,0,0,0,0,0,0
1608,5,1,0,0,0,0,0,0,0,0,1,0,0
1614,1,0,0,0,0,0,0,0,0,0,0,1,0
1614,2,0,0,0,0,0,0,0,0,0,0,1,0
1614,3,0,3,1,0,0,0,0,0,0,0,0,0
1614,4,0,0,0,0,0,0,0,0,0,0,0,0
1614,5,0,3,1,0,0,0,0,0,0,0,0,0
1614,6,0,0,0,0,0,0,0,0,0,0,0,0
1614,7,1,0,0,0,0,0,0,0,0,1,0,0
1620,1,0,0,0,0,0,1,0,0,0,0,0,0
1620,2,0,0,0,0,0,0,0,0,1,0,1,0
1620,3,0,0,0,0,0,0,0,0,0,0,0,0
1620,4,0,0,0,0,0,0,0,0,0,0,0,0
1620,5,0,3,1,0,0,0,0,0,0,0,0,0
1620,6,0,0,0,0,0,0,0,0,0,0,0,0
1620,7,0,0,0,0,0,0,0,1,0,0,0,0
1620,8,0,1,0,1,0,0,0,0,0,0,0,0
1620,9,0,0,0,0,0,0,0,0,0,0,0,0
1620,10,0,1,0,0,0,0,0,0,0,0,0,0
1620,11,0,0,0,0,0,0,0,0,0,0,0,0
1620,12,0,0,0,0,0,0,0,0,0,0,0,0
1620,13,0,1,0,0,0,0,0,0,0,0,0,0
1620,14,0,0,0,0,0,0,0,0,0,0,0,0
1620,15,0,1,0,0,0,0,0,0,0,0,0,0
1620,16,0,0,0,0,0,0,0,0,0,0,0,0
1620,17,0,1,0,0,0,0,0,0,0,0,0,0
1620,18,0,0,0,0,0,0,0,0,0,0,0,0
1643,1,0,0,0,0,0,0,0,0,0,0,0,0
1643,2,0,0,0,0,0,0,0,0,0,1,0,0
1643,3,0,0,0,0,0,0,0,0,0,0,0,0
1643,4,0,0,0,0,0,0,0,0,0,0,0,0
1643,5,0,0,0,0,0,0,0,0,0,0,0,0
1643,6,0,1,0,0,0,0,0,0,0,0,0,0
1643,7,1,0,0,0,0,0,0,0,0,1,0,0
